Посилання,Марка авто,Модель авто,Титул,Рік,Ціна,Тип авто,Контактний телефон,Колір,Опис
https://auto.ria.com/auto_bmw_x5_26237607.html,BMW,X5,BMW X5 35d restyling  2010,2010,581598,Внедорожник / Кроссовер,(066) 557 80 08,Черный,"К вашему вниманию 
BMW X5 USA 35 d 
Покупался новым в Америке в 2010 году, я второй хозяин 
Машина в отличном состоянии, полностью обслужена до всех мелочей!
Модель 2011 года, в тех.паспорте 2010
-Сделан так называемый Stage 1 (310 л.с)
-оригинальный пробег 176 тыс.км
-новый аккумулятор 
-целый кузов( есть косметика на задней левой двери)
-ухоженный, чистый !
Готов к любым проверкам!
"
https://auto.ria.com/auto_bmw_x5_25486635.html,BMW,X5,BMW X5 Xdrive 35 D  2011,2011,532518,Внедорожник / Кроссовер / 5 дверей,(096) 397 25 11,Серый металлик,Без ДТП і підкрасів. Деталі по телефону. Авто з Канади . Без пробігу по Україні . Розмитнення 100%. 
https://auto.ria.com/auto_bmw_x5_26301825.html,BMW,X5,BMW X5 4.8 2008,2008,564420,Внедорожник / Кроссовер,(097) 774 83 07,Черный металлик,"Официальный автомобиль, первый хозяин, куплен в avt bavaria Запорожье, обслужен, идеальное состояние!"
https://auto.ria.com/newauto/auto-bmw-x5-1821513.html,BMW,X5,Новый BMW X5 M50d Steptronic (400 л.с.) base 2019,2019,,,,,
https://auto.ria.com/auto_bmw_x5_25837705.html,BMW,X5,BMW X5 2011,2011,711660,Внедорожник / Кроссовер / 5 дверей,(066) 122 22 51,Черный,"Официальная машина –не путать с “америкой”. Автомобиль как новый, в индивидульной комплектации(пневмоподвеска , комфортные сиденья с кучей настроек, системой Х drive, большим монитором и многое другое) не бит , не крашен!!!Я владелец.Оригинальный пробег ,M-пакет, Летние 19-ые разноширокие колеса на M дисках , зимние на 18-ых .Салон в идеальном состоянии, без царапин и затертостей, в салоне не курили!!! произведено полное ТО с заменой всех расходников. .Автомобиль в идеальном состоянии как внешне так и технически .Оргомная просьба к площадкам, перекупщикам- не звонить. Спасибо за понимание. "
https://auto.ria.com/auto_bmw_x5_26259845.html,BMW,X5,BMW X5 2011,2011,479757,Внедорожник / Кроссовер,(095) 364 73 89,,"Владелец авто, покупался для себя. Очень хорошее состояние, реальный пробег, очень хорошая комплектация. Поклеенная бронепленкой. Авто поставлено на учёт в июле 2019 года"
https://auto.ria.com/newauto/auto-bmw-x5-1818238.html,BMW,X5,Новый BMW X5 25d Steptronic (231 л.с.) xDrive base 2019,2019,,,,,
https://auto.ria.com/newauto/auto-bmw-x5-1826876.html,BMW,X5,Новый BMW X5 M50d Steptronic (400 л.с.) base 2019,2019,,,,,
https://auto.ria.com/auto_bmw_x5_26308626.html,BMW,X5,BMW X5 7 місць   TV 2012,2012,537426,Внедорожник / Кроссовер / 5 дверей / 7 мест,(066) 368 19 57,Серый металлик,"Авто в прекрасному стані 
7 місць 
Деталі за телефоном"
https://auto.ria.com/newauto/auto-bmw-x5-1821971.html,BMW,X5,Новый BMW X5 30d Steptronic (265 л.с.) xDrive base 2019,2019,,,,,
